{
    "accuracy": 0.9878048780487805,
    "precision": 1.0,
    "recall": 0.9,
    "f1_score": 0.9473684210526315,
    "auc_roc": 0.9916666666666667,
    "confusion_matrix": [
        [
            72,
            0
        ],
        [
            1,
            9
        ]
    ]
}